-- phpMyAdmin SQL Dump
-- version 3.3.9
-- http://www.phpmyadmin.net
--
-- Host: 127.0.0.1
-- Generation Time: Oct 12, 2020 at 10:58 AM
-- Server version: 5.5.8
-- PHP Version: 5.3.5

SET SQL_MODE="NO_AUTO_VALUE_ON_ZERO";


/*!40101 SET @OLD_CHARACTER_SET_CLIENT=@@CHARACTER_SET_CLIENT */;
/*!40101 SET @OLD_CHARACTER_SET_RESULTS=@@CHARACTER_SET_RESULTS */;
/*!40101 SET @OLD_COLLATION_CONNECTION=@@COLLATION_CONNECTION */;
/*!40101 SET NAMES utf8 */;

--
-- Database: `db_allianz`
--

-- --------------------------------------------------------

--
-- Table structure for table `tb_admin`
--

CREATE TABLE IF NOT EXISTS `tb_admin` (
  `admin_id` int(10) NOT NULL AUTO_INCREMENT,
  `admin_nama` varchar(255) NOT NULL,
  `admin_username` varchar(255) NOT NULL,
  `admin_email` varchar(255) NOT NULL,
  `admin_password` varchar(255) NOT NULL,
  `admin_foto` text NOT NULL,
  PRIMARY KEY (`admin_id`)
) ENGINE=InnoDB  DEFAULT CHARSET=latin1 AUTO_INCREMENT=5 ;

--
-- Dumping data for table `tb_admin`
--

INSERT INTO `tb_admin` (`admin_id`, `admin_nama`, `admin_username`, `admin_email`, `admin_password`, `admin_foto`) VALUES
(1, 'Danu Agastyan', 'danu', 'danu@gmail.com', 'a29e5a0efaa2b1521ebea7cf10cd0eab', 'danu.jpg'),
(3, 'Danoe Agastjan', 'danoe', 'danoe@gmail.com', '5aa0838f16536a62002347dcab1d3e8f', '1600746808_2FNjVDBv_400x400.jpg'),
(4, 'Taryono', 'danoee', '', 'fd8cecf98877ff89d5ef13020e8e6b3d', '');

-- --------------------------------------------------------

--
-- Table structure for table `tb_artikel`
--

CREATE TABLE IF NOT EXISTS `tb_artikel` (
  `artikel_id` int(10) NOT NULL AUTO_INCREMENT,
  `artikel_judul` varchar(255) NOT NULL,
  `artikel_isi` text NOT NULL,
  `artikel_foto` text NOT NULL,
  `artikel_penulis` varchar(255) NOT NULL,
  `artikel_tanggal` date NOT NULL DEFAULT '0000-00-00',
  PRIMARY KEY (`artikel_id`)
) ENGINE=InnoDB  DEFAULT CHARSET=latin1 AUTO_INCREMENT=11 ;

--
-- Dumping data for table `tb_artikel`
--

INSERT INTO `tb_artikel` (`artikel_id`, `artikel_judul`, `artikel_isi`, `artikel_foto`, `artikel_penulis`, `artikel_tanggal`) VALUES
(1, 'Keuntungan Memasak Sendiri selama Pandemi COVID-19', '<p>Memesan atau makan di luar rumah selama new normal diberlakukan, sebenarnya belum betul-betul aman. Masak sendiri tidak seribet yang dibayangkan, kok. Justru ada banyak manfaat dari memasak sendiri selama pandemi COVID-19. Memesan makanan atau membeli makanan siap santap memang praktis. Namun, ada banyak keuntungan dari memasak sendiri, terutama selama pandemi COVID-19. Meski terkesan sederhana, manfaat memasak sendiri telah banyak dibuktikan melalui penelitian.</p>\r\n\r\n<p>Ada penelitian yang menunjukkan bahwa mereka yang terbiasa makan masakan rumah, cenderung lebih bahagia, lebih sehat, dan mengonsumsi gula yang lebih sedikit. Memasak sendiri juga berkaitan dengan kesehatan mental yang lebih baik dan bahkan dikaitkan dengan umur yang lebih panjang. Manfaat bagi kesehatan mental tersebut meningkat ketika menikmati masakan rumahan dengan orang lain. Kedekatan emosional yang terjalin, bahkan bisa berdampak dalam menurunkan gejala depresi. Tidak hanya itu saja, berikut sederetan manfaat memasak sendiri: Meminimalkan Kontak dengan Orang Lain Saat ini memang sudah tersedia pilihan contactless delivery dalam hal memesan makanan lewat jasa pesan antar.</p>\r\n\r\n<p>Contactless delivery berarti pesanan digantungkan di pagar atau ditinggalkan di depan pintu rumah, agar kamu tidak melakukan kontak langsung dengan kurir. Meski demikian, memasak sendiri tetaplah lebih aman. Karena kamu tidak tahu bagaimana kebersihan kurir atau juru masak, dan yang terburuk bagaimana jika ternyata mereka terinfeksi namun tidak menunjukkan gejala (OTG). Kualitas Bahan Makanan Terjamin Dengan memasak sendiri, kamu terlibat dalam keseluruhan prosesnya. Mulai dari pemilihan bahan makanan hingga pengaturan bumbu. Kamu bisa memilih sayuran organik, daging tanpa lemak, mengeliminasi penyedap rasa, minyak kolestrol rendah, dan memilih kualitas terbaik yang masuk dalam wajan. Higienitas Terjamin Baru-baru ini, sebuah restoran di Bogor diberitakan menjadi klaster baru penyebaran COVID-19.</p>\r\n\r\n<p>Hal ini karena pemilik restoran dan keluarganya diketahui terinfeksi virus Corona. Peristiwa ini bisa menjadi contoh bahwa makan di luar rumah ataupun memesan makanan dari restoran tidak selalu aman. Masak sendiri merupakan salah satu pencegahan agar kamu sekeluarga terlindungi dari infeksi COVID-19. Lebih Sehat Berdasarkan studi yang dimuat dalam jurnal Public Health Nutrition, orang yang rutin memasak sendiri, mengonsumsi kalori yang lebih sedikit daripada mereka yang jarang masak di rumah. Ini baik sekali bagi kamu yang sedang diet. Selain karena bisa dengan bebas memilih bahan-bahan berkalori rendah, memasak di rumah membuat kamu lebih mudah mengontrol porsi makanan. Berbeda dengan makan di restoran di mana makanan disajikan dalam porsi besar dan kamu merasa harus menghabiskannya karena sayang jika disisakan. Mengasah Kreativitas Saat ini resep-resep sehat dan kreatif dapat dengan mudah didapatkan di internet.</p>\r\n\r\n<p>Dengan bahan seadanya ditambah kreativitas, kamu sangat bisa membuat masakan lezat yang disukai keluarga. Bukannya tidak mungkin kalau kamu malah akan membuat sendiri resep andalan dan menjadi chef rumahan yang digemari pemirsa Youtube. Mendekatkan Keluarga Menghabiskan waktu bersama keluarga dan orang terdekat sangat baik untuk kesehatan mental, terutama di masa pandemi, di mana angka depresi cenderung meningkat. Memasak bersama bisa menjadi kegiatan yang mendekatkan keluarga. Bagi yang memiliki anak kecil, kegiatan memasak bisa menjadi alternatif untuk mengusir kebosanan. Ketika terbiasa makan masakan rumah, saat anak-anak telah dewasa nanti, masakan rumahlah yang akan membuat mereka rindu untuk pulang. Lebih Hemat Coba buat food preparation dengan menuliskan rencana menu, daftar bahan makanan selama seminggu, dan estimasi harga. Kamu akan terkejut, karena dengan bujet terbatas, kamu bisa makan sehat jika masak sendiri. Kelebihan bujet bulanan bisa kamu anggarkan untuk membeli asuransi kesehatan, yang akan sangat bermanfaat dalam melindungi kamu dan keluarga dari COVID-19.</p>\r\n\r\n<p>Menyantap makanan yang bersih dan sehat merupakan salah satu upaya untuk meningkatkan daya tahan tubuh dari serangan virus. Nah mulai sekarang, yuk rencanakan menu dan rasakan manfaat dari menyantap masakan sendiri.</p>\r\n', '1601093466_artikel-1.jpg', 'Danu Agastyan', '2020-09-26'),
(6, '4 Hal Penting yang Harus Kamu Pertimbangkan untuk Menikah di Tengah Pandemi COVID-19', '<p><em>Tak perlu ditunda atau dibatalkan, kamu masih bisa menikah di tengah pandemi COVID-19. Asalkan, pertimbangkan juga hal-hal berikut ini!</em></p>\r\n\r\n<p>Selama pandemi COVID-19, banyak rencana besar kamu yang mungkin batal atau tertunda. Mulai dari&nbsp;<em>traveling</em>&nbsp;bahkan hingga rencana&nbsp;<em>your big day</em>&nbsp;yaitu pernikahan. Padahal, untuk rencana menggelar pernikahan itu saja, banyak sekali persiapan yang harus dilakukan. Lalu, kalau harus ada perubahan di tengah jalan tentu saja bisa jadi kekecewaan besar. Belum lagi kalau harus menanggung risiko kehilangan biaya dari semua vendor yang dipesan.</p>\r\n\r\n<p>Di tengah kondisi pandemi COVID-19 seperti sekarang ini, kamu pasti memikirkan banyak hal dan harus melakukan apa saja untuk meminimalisir segala risiko buruk bila hari pernikahan harus ditunda atau bahkan dibatalkan. Kalau sudah begini, apa yang akan kamu lakukan?</p>\r\n\r\n<p><em>Well,&nbsp;</em>kalau keputusanmu tak ingin menunda hari pernikahan dan tetap ingin menggelar pesta pernikahan di tengah pandemi artinya banyak hal yang harus dipertimbangkan. Apa saja&nbsp;<em>sih</em>?</p>\r\n\r\n<p>Demi membantu kamu untuk tetap menggelar hari besar bahagiamu ini, tentu saja kamu harus siap menguras tenaga dan waktu kamu dua kali lipat untuk menyusun semua rencana dengan matang. Kami sudah kumpulkan beberapa poin utama yang harus kamu prioritaskan mengenai hari besar ini.</p>\r\n\r\n<p><strong>1. Pahami Segala Peraturan Keselamatan&nbsp;yang Ada</strong></p>\r\n\r\n<p>Kami tahu bahwa di hari bahagia kamu ini, kamu ingin tak hanya dirimu yang bisa merasakan kebahagiaannya. Namun, kamu juga ingin semua keluarga besar, teman terdekat, bahkan hingga rekan kantormu ikut bahagia. Tapi, hal prioritas dari semua itu adalah keselamatan dan kesehatan semua orang. Risiko besar bisa saja terjadi dan menyebabkan penyebaran semakin besar. Maka, sangat penting bila semua aspek pendukung di acara pernikahanmu ini patuh mengikuti segala peraturan keselamatan yang ada.</p>\r\n\r\n<p><strong>2. Buat Rencana Ulang dengan Semua Tim: Tempat, Katering, Pengisi Acara, Video dan Fotografer</strong></p>\r\n\r\n<p>Bisa jadi rencana pernikahanmu telah melibatkan banyak vendor mulai dari tempat resepsi, catering, pengisi acara, video dan fotografer. Bila pernikahan yang ingin kamu gelar tetap mengadakan pesta, maka kamu harus mulai kembali mempertimbangkan kehadiran mereka. Pastikan semua vendor pun nantinya menerapkan peraturan keselamatan dan kebersihan selama acara.</p>\r\n\r\n<p>Agar semua tamu dan penyelenggara pun bisa nyaman, pastikan lokasi pernikahan sudah dilengkapi dengan&nbsp;<em>hand sanitizer</em>&nbsp;serta sarana mencuci tangan. Selain itu, lokasi pernikahan juga harus disemprot dengan desinfektan sebelum dan sesudah resepsi berlangsung. Dan sebaiknya hindari juga jamuan makan prasmanan.</p>\r\n\r\n<p><strong>3. Utamakan Keselamatan Tamu</strong></p>\r\n\r\n<p>Dalam keinginanmu, tentu kamu ingin mengundang semua kerabat dan keluarga besar untuk bisa hadir. Namun, di tengah pandemi dan larangan untuk bepergian tentu saja ada banyak keterbatasan. Kamu harus memaklumi bila keluarga yang ada di luar kota pun akhirnya tidak bisa datang. Demi mengikuti peraturan yang ada dan pembatasan pengumpulan orang, sebaiknya acara yang kamu gelar tidak lebih dari batas yang ditentukan yaitu sekitar 20-23 orang.</p>\r\n\r\n<p><strong>4. Pertimbangkan Virtual Wedding</strong></p>\r\n\r\n<p>Selama pandemi ini, tentu kamu tahu bahwa sebaiknya orang tua dan anak kecil tidak boleh bepergian dan berkumpul di tempat ramai. Sudah bisa dipastikan keluarga dekatmu yang lebih tua dan anak-anak pun tidak bisa ikut hadir. Belum lagi, beberapa tamu yang bisa jadi belum begitu nyaman untuk datang ke pesta. Beruntungnya di era teknologi sekarang, sangat mudah untuk kamu menggelar acara akad hingga resepsi pernikahan secara online.</p>\r\n\r\n<p>Kamu bisa memanfaatkan aplikasi Zoom atau live di beberapa media sosial selama acara berlangsung. Dengan begitu semua orang-orang terdekatmu masih bisa melihat semua acara berlangsung dan momen pernikahan kamu pun bisa tetap diabadikan.</p>\r\n\r\n<p>Memang akan banyak sekali persiapan yang harus kamu lakukan dan juga hal-hal prioritas yang harus diperhatikan. Namun, demi hari bahagiamu bersama pasangan ini tentunya akan selalu ada cara untuk mengabadikannya.</p>\r\n', '1601094323_artikel-2.jpg', 'Amanda', '2020-09-26'),
(7, 'Yuk, Mengenal Istilah-istilah Ini untuk Lebih Memahami Virus Corona', '<p><em>Semenjak pandemi virus corona merebak, ada banyak istilah-istilah baru yang sering muncul di pemberitaan media massa ataupun perbincangan di media sosial. Apa kamu sudah tahu artinya?</em></p>\r\n\r\n<p>Berita tentang virus corona bergerak begitu cepat. Saat kondisi seperti ini, begitu banyak informasi yang tentunya hadir di hadapanmu. Mulai dari pemberitaan di media massa hingga perbincangan di media sosial dari Twitter, Instagram, hingga Facebook. Salah satu cara mengatasi kepanikan di tengah wabah COVID-19 adalah dengan meneruskan informasi yang baik dan benar sesuai fakta perkembangan kasus corona.</p>\r\n\r\n<p>Seiring informasi tersebut, bisa jadi kamu menemukan istilah-istilah baru terkait virus corona seperti&nbsp;<em>social distancing, lockdown,&nbsp;</em>karantina hingga isolasi. Sebenarnya, apa&nbsp;<em>sih</em>&nbsp;yang dimaksud dari istilah-istilah yang muncul itu?</p>\r\n\r\n<p><em>Nah</em>,&nbsp;<em>yuk</em>&nbsp;mulai sekarang kenali istilah-istilah seputar&nbsp;<a href="https://www.allianz.co.id/explore/detail/apa-yang-bisa-saya-lakukan-untuk-melindungi-diri-dari-virus-corona/96937">virus COVID-19</a>&nbsp;ini, supaya kamu tidak keliru lagi ketika menerima atau meneruskan informasi kepada kerabat dan teman-teman!</p>\r\n\r\n<p>Sebagai langkah pertama,&nbsp;<em>yuk&nbsp;</em>kita cari tahu apa itu COVID-19?</p>\r\n\r\n<p>&nbsp;</p>\r\n\r\n<p><strong>COVID-19</strong></p>\r\n\r\n<p>Virus Corona atau&nbsp;<em>severe acute respiratory syndrome</em>&nbsp;<em>coronavirus 2</em>&nbsp;(SARS-CoV-2) adalah virus yang menyerang sistem pernapasan. Penyakit karena infeksi virus ini disebut COVID-19. Virus Corona bisa menyebabkan gangguan pada sistem pernapasan, pneumonia akut, sampai kematian.</p>\r\n\r\n<p><em>Severe acute respiratory syndrome coronavirus 2</em>&nbsp;(SARS-CoV-2) yang lebih dikenal dengan nama virus Corona adalah jenis baru dari coronavirus yang menular ke manusia. Virus ini bisa menyerang siapa saja, baik bayi, anak-anak, orang dewasa, lansia, ibu hamil, maupun ibu menyusui.</p>\r\n\r\n<p>Infeksi virus ini secara resmi oleh WHO disebut sebagai COVID-19 yang berarti Corona Virus Disease 2019 dan pertama kali ditemukan di kota Wuhan, Cina, pada akhir Desember 2019. Virus ini menular dengan cepat dan telah menyebar ke wilayah lain di Cina dan ke beberapa negara, termasuk Indonesia.</p>\r\n\r\n<p>Sementara orang yang terinfeksi, berhubungan dengan yang terinfeksi dan memiliki riwayat bepergian ke daerah terjangkit disebut&nbsp;<em>suspect,</em>&nbsp;pasien dalam pengawasan (PDP), dan orang dalam pemantauan (ODP). Ketiga istilah ini berdasarkan definisi operasional buku<a href="https://www.kemkes.go.id/resources/download/info-terkini/Coronavirus/REV-03_Pedoman_P2_COVID-19_Maret2020.pdf.pdf">&nbsp;Pedoman Pencegahan dan Pengendalian Coronavirus Disease (Covid-19) dari Kementerian Kesehatan Republik Indonesia</a>&nbsp;dan sebagaimana dikutip dari tirto.id</p>\r\n\r\n<p><strong>Orang dalam Pemantauan (ODP)</strong></p>\r\n\r\n<p>ODP biasanya memiliki gejala ringan seperti batuk, sakit tenggorokan, demam, tetapi tidak ada kontak erat dengan penderita positif. Saat kondisi ODP, orang tersebut tidak perlu rawat inap di rumah sakit tetapi akan diminta untuk melakukan isolasi secara mandiri di rumah setidaknya selama 14 hari hingga kondisinya membaik.</p>\r\n\r\n<p><br />\r\n<strong><em>Suspect</em></strong></p>\r\n\r\n<p>Lalu bagaimana jika sudah diputuskan sebagai&nbsp;<em>suspect</em>? Menurut penjelasan Kementerian Kesehatan (Kemenkes) RI&nbsp;<em>suspect&nbsp;</em>ialah orang atau pasien dalam pengawasan yang harus menjalani isolasi di rumah sakit dan melakukan pemeriksaan swab<em>.</em></p>\r\n\r\n<p><strong>Pasien dalam Pengawasan (PDP)</strong></p>\r\n\r\n<p>Sebelum diputuskan positif terjangkit, penderita penyakit COVID-19 disebut pasien dalam pengawasan (PDP), mereka adalah orang-orang yang memiliki gejala panas badan dan gangguan saluran pernapasan.</p>\r\n\r\n<p>Gangguan saluran pernapasan itu bisa ringan atau berat, serta pernah berkunjung ke atau tinggal di daerah yang diketahui merupakan daerah penularan COVID-19.</p>\r\n\r\n<p>Gak hanya itu, PDP juga memiliki indikasi atau diketahui pernah berkontak secara langsung dengan kasus yang terkonfirmasi atau probabel COVID-19.</p>\r\n\r\n<p><strong>Positif</strong></p>\r\n\r\n<p>Pasien yang dinyatakan positif terinfeksi COVID-19 setelah melakukan serangkaian pemeriksaan seperti cek darah, rontgen paru-paru, hingga swab yang harus menjalani perawatan di rumah sakit atau di lokasi yang ditentukan oleh pemerintah seperti Wisma Atlet hingga dinyatakan pulih dan bebas dari virus COVID-19.</p>\r\n\r\n<p>Di sisi lain, saat ini kamu pasti sudah tahu juga&nbsp;<em>kan&nbsp;</em>kalau banyak sekali&nbsp;<em>campaign&nbsp;</em>yang meggunakan hashtag #WFH atau #dirumahaja. Ada banyak alasan tentunya kamu diminta untuk tetap tinggal di rumah dan tidak bepergian. Kenapa ya dan apa arti istilah-istilah ini?</p>\r\n\r\n<p><strong><em>Physical Distancing</em></strong></p>\r\n\r\n<p>Di awal kasus COVID-19, Organisasi Kesehatan Dunia menerapkan istilah&nbsp;<em>social distancing,&nbsp;</em>yang berarti kamu diimbau menjaga ruang pribadi dalam jumlah besar sekitar 1,5 sampai 2 meter, di antara kamu dan siapa pun yang berada di sekitarmu.</p>\r\n\r\n<p><em>Nah,&nbsp;</em>baru-baru ini, istilah terbaru muncul dari Organisasi Kesehatan Dunia yaitu&nbsp;<em>physical distancing.&nbsp;</em>Penerapan&nbsp;<em>physical distancing&nbsp;</em>ini mengubah istilah awal yang digunakan yaitu&nbsp;<em>social distancing.&nbsp;</em>Alasan dibalik perubahan ini adalah supaya masyarakat tetap menjaga jarak fisik, bukan jarak sosial. Seperti dikutip dari Kompas, Maria Van Kerkhove, Pemimpin Teknis Respons COVID-19 WHO, mengatakan bahwa menjaga jarak fisik bukan berarti kita memutus hubungan sosial dengan orang yang kita cintai, dari keluarga kita dan supaya orang-orang tetap berhubungan dengan memanfaatkan teknologi.&nbsp;</p>\r\n\r\n<p><strong>Isolasi</strong></p>\r\n\r\n<p>Jika sudah menunjukkan positif COVID-19, maka proses isolasi menjadi keharusan. Ini adalah ketika seseorang yang benar-benar sakit menjauh dari orang lain sehingga mereka tidak menulari orang lain.</p>\r\n\r\n<p>Dalam kasus COVID-19 ini, isolasi harus dilanjutkan sampai risiko menulari orang lain dianggap rendah. Keputusan untuk mengakhiri isolasi harus dibuat berdasarkan kasus per kasus, dengan berkonsultasi dengan penyedia layanan kesehatan dan departemen kesehatan setempat.</p>\r\n\r\n<p><strong>Karantina</strong></p>\r\n\r\n<p>Nah, ketika seseorang yang telah terpapar penyakit tetapi tidak tampak sakit, maka ia disarankan untuk tinggal jauh dari orang lain dalam jangka waktu tertentu jika mereka terinfeksi.</p>\r\n\r\n<p>Dengan menjaga jarak, mereka dapat menghindari penyebaran penyakit kepada orang lain. Hal ini biasa disebut karantina dan biasanya berlangsung sedikit lebih lama dari masa inkubasi untuk suatu penyakit, demi menjaga keamanan.</p>\r\n\r\n<p><strong><em>Lockdown</em></strong></p>\r\n\r\n<p>Sementara jika keadaan sudah semakin parah, maka bisa dilakukan&nbsp;<em>lockdown.&nbsp;</em>Dikutip dari&nbsp;<em>Cambridge</em>,&nbsp;<em>lockdown</em>&nbsp;dapat diartikan sebagai sebuah situasi di mana orang tidak diperbolehkan masuk atau meninggalkan sebuah bangunan atau kawasan secara bebas karena kondisi darurat. Di Indonesia, istilah&nbsp;<em>lockdown&nbsp;</em>mirip dengan karantina wilayah.</p>\r\n\r\n<p>Jika dikaitkan dalam istilah teknis dalam kasus Corona atau COVID-19, arti&nbsp;<em>lockdown</em>&nbsp;adalah mengunci seluruh akses masuk maupun keluar dari suatu daerah maupun negara. Tujuan mengunci suatu wilayah ini agar virus corona tidak menyebar lebih jauh lagi.</p>\r\n\r\n<p>Jika suatu daerah dikunci atau, maka semua fasilitas umum harus ditutup, di antaranya sekolah, transportasi umum, tempat umum, perkantoran, bahkan pabrik harus ditutup dan tidak diperkenankan beraktivitas.</p>\r\n\r\n<p>Indonesia sendiri belum menerapkan&nbsp;<em>lockdown&nbsp;</em>sampai sejauh ini. Namun masyarakat diminta untuk tinggal di rumah (karantina mandiri) untuk mencegah penyebaran virus lebih lanjut.&nbsp;</p>\r\n\r\n<p>Selain itu, ada istilah apa lagi ya yang bisa kamu temukan? Ini dia!&nbsp;</p>\r\n\r\n<p><strong>APD (Alat Pelindung Diri)</strong></p>\r\n\r\n<p>Salah satu istilah yang ikut viral di media sosial akhir-akhir ini adalah APD. Mengutip dari news.detik.com, APD adalah alat-alat atau perlengkapan yang wajib digunakan untuk melindungi dan menjaga keselamatan pekerja saat melakukan pekerjaan yang memiliki potensi bahaya. Tenaga-tenaga medis sangat membutuhkan APD saat ini, namun sayangnya di pasaran justru harganya melambung tinggi.</p>\r\n\r\n<p><strong><em>Rapid Test</em></strong></p>\r\n\r\n<p>Sebagai tindak pencegahan makin menyebarnya virus Corona, pemerintah Indonesia berencana melakukan tes cepat (<em>rapid test</em>).</p>\r\n\r\n<p>Mengutip dari tirto.id, tes cepat ini dari para ilmuwan di Departemen Ilmu Teknik Universitas Oxford dan Oxford Suzhou Centre for Advanced Research (OSCAR) yang telah mengembangkan teknologi pengujian cepat (<em>rapid test</em>) untuk virus corona baru SARS-CoV-2 (COVID-19). Seberapa cepat&nbsp;<em>sih&nbsp;</em>bisa mendapatkan hasilnya? Tim peneliti ini mampu memberikan hasil hanya dalam setengah jam, yang berarti tiga kali lipat lebih cepat dari metode yang ada saat ini.</p>\r\n\r\n<p><strong>Wabah</strong></p>\r\n\r\n<p>Istilah wabah belakangan menjadi terkenal dengan merebaknya virus Covid 19. Sebenarnya apa itu wabah? Menurut istilah umum yang dikutip dari Wikipedia, wabah digunakan untuk menyebut kejadian tersebarnya penyakit pada daerah yang luas dan pada banyak orang, maupun untuk menyebut penyakit yang menyebar tersebut.</p>\r\n\r\n<p>Lalu apa level selanjutnya jika penyebaran semakin parah? Maka disebut Epidemi.</p>\r\n\r\n<p><strong>Epidemi</strong></p>\r\n\r\n<p>Epidemi adalah situasi di mana penyakit menyebar dengan cepat di antara banyak orang, dan dalam konsentrasi yang lebih tinggi dari biasanya. Namun, ini dalam skala yang lebih kecil daripada pandemi. Wabah global COVID-19 sebelumnya dianggap sebagai epidemi, meskipun ada kekhawatiran di antara pemerintah dan komunitas medis bahwa itu bisa menjadi pandemi, dan akhirnya menjadi kenyataan.</p>\r\n\r\n<p><strong>Pandemi</strong></p>\r\n\r\n<p>Pandemi sendiri merupakan penyebaran penyakit secara meluas ke seluruh dunia. Ini adalah urutan lebih tinggi daripada epidemi. Dengan kata lain, &#39;wabah&#39; adalah terjadinya kasus penyakit melebihi apa yang biasanya diharapkan; &#39;epidemi&#39; lebih dari jumlah normal kasus suatu penyakit, perilaku terkait kesehatan tertentu atau kejadian terkait kesehatan lainnya di suatu komunitas atau wilayah; dan &#39;pandemi&#39; pada dasarnya adalah epidemi global. Sampai sekarang, pandemi terakhir adalah wabah H1N1 pada tahun 2009. Namun sejak 11 Maret, WHO menyatakan virus corona sebagai pandemi.</p>\r\n\r\n<p><strong>Endemi</strong></p>\r\n\r\n<p>Di sisi lain ada juga istilah endemi. Endemi merupakan penyakit yang keberadaannya permanen di sebuah wilayah atau populasi. Contohnya penyakit Malaria di sebagian wilayah Afrika seperti Liberia.</p>\r\n\r\n<p><strong><em>Imported Case</em></strong></p>\r\n\r\n<p>Satu lagi&nbsp;<em>nih&nbsp;</em>istilah yang juga jangan sampai ketinggalan kamu ketahui yaitu&nbsp;<em>imported case.&nbsp;</em>Istilah&nbsp;<em>imported case</em>&nbsp;memang sudah sering muncul dalam konteks penularan COVID-19. Inilah salah satu alasan mengapa kita sebaiknya tidak bepergian ke mana pun, terlebih ke luar negeri.&nbsp;&nbsp;</p>\r\n\r\n<p>Sebab, dalam&nbsp;<em>imported case</em>&nbsp;kasusnya adalah ketika seorang penderita COVID-19 tertular di luar negeri lalu kembali ke negaranya serta berpotensi menulari warga sekitarnya.</p>\r\n\r\n<p>Kini, kamu sudah makin mengerti istilah-istilah yang biasa ditemui terkait virus corona.&nbsp;<em>Sharing is caring.&nbsp;</em>Jadi, berikan informasi kepada orang-orang terdekatmu ya. Jaga kesehatan selalu ya!</p>\r\n', '1601110576_artikel-3.jpg', 'Danu Agastyan', '2020-09-18'),
(8, 'Apa yang Bisa Saya Lakukan untuk Melindungi Diri dari Virus Corona?', '<p><em>Meski tak banyak yang tahu pasti penyebabnya, hingga kini bagaimana virus corona atau COVID-19 dapat menewaskan banyak orang. Tapi, satu hal yang jelas bagaimana cara yang bisa kita lakukan untuk melindungi diri dari virus corona!</em></p>\r\n\r\n<p>Tahu&nbsp;<em>kan</em>, hingga kini marak pemberitaan virus corona yang semakin hari semakin meluas ke beberapa negara. Sebagai informasi singkat, penyebab dari wabah virus corona ini adalah virus jenis baru yang disebut dengan&nbsp;<a href="https://www.allianz.co.id/explore/detail/inilah-jenis-jenis-makanan-yang-meningkatkan-imun-tubuh-melawan-virus-corona/99106"><em>novel coronavirus 2019&nbsp;</em>(2019-nCoV)</a>. Penyakit ini termasuk dalam golongan virus yang sama dengan virus&nbsp;<em>severe acute respiratory&nbsp;syndrome&nbsp;</em>(SARS) dan&nbsp;<em>Middle-East respiratory syndrome&nbsp;</em>(MERS).</p>\r\n\r\n<p>Tercatat per tanggal&nbsp;7&nbsp;Mei&nbsp;2020 sudah terdapat 12.776 pasien positif virus corona dengan menyebabkan kematian terhadap 930 pasien sementara 2.381 tercatat telah sembuh.&nbsp;Artinya, Indonesia tidak lagi bebas dari virus ini. Bagaimana pun juga kita harus tetap waspada untuk menjaga kondisi kesehatan. Karenanya, mencegah jadi pilihan yang lebih baik.</p>\r\n\r\n<p>Bayangkan, selama aktivitas harian kamu dalam 24 jam sehari, waktumu lebih banyak dihabiskan di kantor, kampus, dan dalam perjalanan. Jadi, sebaiknya kamu mulai untuk tidak memandang sepele penyakit ini dan senantiasa melakukan tindakan pencegahan.</p>\r\n\r\n<p>Langkah apa saja yang bisa kamu lakukan sebagai cara antisipasi?&nbsp;<em>Yuk,&nbsp;</em>cari tahu lebih banyak!</p>\r\n\r\n<p><strong>Cuci tangan kamu sesering mungkin menggunakan sabun atau&nbsp;<em>hand sanitizer</em></strong></p>\r\n\r\n<p>Apakah kamu tahu? Tangan adalah jalur utama transmisi kuman. Jadi, kebersihan tangan adalah kunci utama untuk menghindari penularan kuman berbahaya dan mencegah infeksi. Biasanya kita akan mencuci tangan dengan air dan sabun.&nbsp;<em>Nah,&nbsp;</em>selain mencuci tangan dengan air dan sabun, opsi lain yang bisa kamu lakukan adalah membersihkan tangan menggunakan&nbsp;<em>hand sanitizer.</em></p>\r\n\r\n<p><em>Yuk</em>, ikuti cara membersihkan tangan yang benar dan dianjurkan Organisasi Kesehatan Dunia (WHO). Berikut ini langkah-langkahnya:</p>\r\n\r\n<ol>\r\n	<li>Tuangkan&nbsp;<em>hand sanitizer&nbsp;</em>ke salah satu telapak tangan, lalu usap kedua telapak tangan.</li>\r\n	<li>Usap punggung tangan hingga ke sela-sela jari dengan telapak tangan, lakukan secara bergantian pada bagian tangan kanan dan kiri.&nbsp;</li>\r\n	<li>Usap sela-sela jari tangan secara bergantian.</li>\r\n	<li>Usap punggung jari ke telapak tangan yang berseberangan dengan jari saling bertautan.</li>\r\n	<li>Genggam ibu jari dengan telapak secara memutar. Lakukan pada kedua sisi.</li>\r\n	<li>Posisikan jari-jari tangan di salah satu telapak tangan, lalu gosok secara memutar. Lakukan pada kedua sisi.</li>\r\n	<li>Setelah kering, tanganmu aman.</li>\r\n</ol>\r\n\r\n<p>&nbsp;</p>\r\n\r\n<p><strong>Gunakan masker dengan benar</strong></p>\r\n\r\n<p>Niat awalmu menggunakan masker tentu saja untuk melindungimu, tapi&nbsp;<a href="https://www.allianz.co.id/explore/detail/jangan-sampai-salah-begini-cara-pakai-masker-yang-benar/96939">penggunaan masker yang kurang tepat</a>&nbsp;akan menjadi sumber infeksi kuman.&nbsp;<em>Yuk</em>, ikuti cara menggunakan masker yang benar dan dianjurkan Organisasi Kesehatan Dunia (WHO). Berikut ini langkah-langkahnya:</p>\r\n\r\n<ol>\r\n	<li>Pastikan bagian luar adalah bagian yang berwarna lebih terang, dan bagian strip logam masker berada di sisi atas.</li>\r\n	<li>Pasang masker menutupi hidung dan mulut, lalu kaitkan tali ke telinga.</li>\r\n	<li>Tekan bagian strip logam, sehingga rapat dan menutup nyaman.</li>\r\n	<li>Tarik bagian bawah hingga menutupi bagian dagu.</li>\r\n</ol>\r\n\r\n<p>&nbsp;</p>\r\n\r\n<p>Peringatan yang harus kamu perhatikan, saat sedang digunakan jangan menyentuh bagian depan masker. Untuk melepaskan masker, lepaskan tali dari telinga. Jangan menyentuh bagian depan masker, karena dapat terkontaminasi. Lalu, lepaskan masker dan buang di tempat sampah yang tertutup. Setelahnya, bersihkan tanganmu dengan alkohol atau sabun dan air.</p>\r\n\r\n<p><strong>Bersihkan meja kantor dan rumah kamu</strong></p>\r\n\r\n<p>Di mana pun kamu bekerja, meja kamu dapat menjadi sumber datangnya stres dan kuman. Di kantor, saat bekerja tentu kamu akan asyik berkutat di depan laptop atau PC di atas meja kerjamu. Jadi, penting sekali&nbsp;<em>lho</em>&nbsp;untuk meluangkan waktu dan memperhatikan sumber-sumber yang sering kali diabaikan dan menjadi sarang kotoran dan debu.</p>\r\n\r\n<p>Luangkan waktu di pagi hari sebelum mulai bekerja atau sebelum pulang kantor untuk membersihkan meja kerjamu. Siapkan tisu basah atau kapas dan alkohol. Mulailah membersihkan barang-barang yang paling sering disentuh, misalnya telepon,&nbsp;<em>mouse,</em>&nbsp;dan&nbsp;<em>keyboard</em>&nbsp;laptop. Bila waktumu lebih luang, bersihkan hingga ke sudut-sudut bagian meja dan laci juga ya.&nbsp;</p>\r\n\r\n<p><strong>Jaga jarak 0,5-2 meter saat di keramaian</strong></p>\r\n\r\n<p>Saat berada di keramaian, tentu kamu sulit untuk mengidentifikasi siapa saja orang-orang yang sakit di sekitarmu. Jarak aman ketika berada di keramaian adalah pertahankan jarak setidaknya 1 meter (3 kaki) antara posisimu dan orang lain, terutama bila orang di sekitarmu menunjukkan bahwa mereka sedang batuk, bersin, dan demam.</p>\r\n\r\n<p>Mengapa? Ketika seseorang yang terinfeksi penyakit pernapasan, seperti 2019-nCoV, batuk atau bersin mereka memproyeksikan tetesan kecil yang mengandung virus. Jika kamu terlalu dekat, kamu bisa menghirup virus.</p>\r\n\r\n<p><strong>Tutup mulut sebelum batuk atau bersin</strong></p>\r\n\r\n<p>Kalau poin sebelumnya menjaga dirimu dari orang sekitar, hal sebaliknya juga harus kamu lakukan. Maka, sebaiknya saat batuk dan bersin, tutup mulut dan hidung dengan siku atau tisu. Setelahnya, segera buang tisu ke tempat sampah yang tertutup dan bersihkan tanganmu dengan alkohol atau sabun dan air.</p>\r\n\r\n<p>Mengapa? Menutupi mulut dan hidung ketika batuk dan bersin mencegah penyebaran kuman dan virus. Jika kamu terlanjur bersin atau batuk dan menutupinya dengan tangan, kamu dapat mencemari benda atau orang yang kamu sentuh. Segera bersihkan tanganmu dengan alkohol atau sabun dan air.</p>\r\n\r\n<p><strong>Hindari menyentuh mata, hidung, dan mulut</strong></p>\r\n\r\n<p>Seperti sudah diinformasikan di awal bahwa tangan adalah jalur utama transmisi kuman. Bukan tidak mungkin, saat beraktivitas tanganmu menyentuh banyak permukaan yang dapat terkontaminasi oleh virus. Jika kamu menyentuh mata, hidung, atau mulutmu dengan tangan yang terkontaminasi, kamu dapat memindahkan virus dari permukaan tangan ke dirimu sendiri melalui bagian yang kamu sentuh.</p>\r\n\r\n<p>Selalu jaga kondisi kesehatan tubuhmu ya. Selain menerapkan semua hal di atas, jaga juga imunitas tubuhmu dengan cukup beristirahat dan menjaga pola makan dengan makanan bergizi.</p>\r\n', '1601110615_artikel-4.jpg', 'Subroto Atmoko', '2020-09-24'),
(9, 'Ini 7 Tips Meningkatkan Daya Tahan Tubuh Di Tengah Pandemi COVID-19', '<p><em>Penyakit virus corona (COVID-19) di Indonesia semakin menyebar ke banyak orang. Kamu harus meningkatkan imunitas untuk mencegah terpapar virus corona. Lakukan cara-cara berikut guna meningkatkan daya tahan tubuh terhadap penyakit.</em></p>\r\n\r\n<p>Kasus penyakit virus corona (COVID-19) di Indonesia bertambah dari hari ke hari. Tercatat per tanggal&nbsp;7&nbsp;Mei&nbsp;2020 sudah terdapat 12.776 pasien positif virus corona dengan menyebabkan kematian terhadap 930 pasien sementara 2.381 tercatat telah sembuh. Data ini terus berkembang seiring waktu.</p>\r\n\r\n<p>Peningkatan pasien COVID-19 disebabkan virus corona atau&nbsp;<em>severe acute respiratory syndrome coronavirus&nbsp;</em>2 (SARS COV-2) yang mudah menyebar ke manusia melalui berbagai perantara. Virus corona bisa menular dari penderita melalui kontak kulit seperti jabat tangan, cium pipi, atau berpelukan.</p>\r\n\r\n<p>Virus corona yang menempel di berbagai permukaan barang seperti pegangan pintu, tangga, kertas, meja, sendok, dan kardus juga bisa menular ke manusia jika ada sentuhan tangan dengan benda-benda tersebut kemudian tangan menyentuh wajah.</p>\r\n\r\n<p>Namun virus corona juga seperti virus pada umumnya yang hanya menyerang jika imunitas tubuhmu lemah. Lakukan beberapa cara berikut agar daya tahan tubuh kamu semakin kuat menahan paparan virus corona.</p>\r\n\r\n<p><strong>1. Hindari stres</strong></p>\r\n\r\n<p>Jangan sampai pemberitaan virus corona maupun konten-konten di media sosial menyebabkan kamu&nbsp;<a href="https://www.allianz.co.id/explore/detail/stres-atau-depresi-yuk-kenali-ciri-ciri-dan-perbedaannya/92489">stres&nbsp;</a>terus menerus. Stres menyebabkan peningkatan hormon kortisol yang dapat menurunkan fungsi kekebalan tubuh.</p>\r\n\r\n<p>Organisasi Kesehatan Dunia (WHO) menyarankan agar masyarakat membaca informasi yang kredibel terkait COVID-19, seperti situs pemerintah Covid19.co.id atau di situs WHO. Batasi juga waktu bermain di media sosial, karena banyak konten hoax terkait virus corona.</p>\r\n\r\n<p><strong>2. Istirahat cukup</strong></p>\r\n\r\n<p>Kekurangan jam tidur menyebabkan letih dan lesu sehingga daya tahan melemah. Namun tidur yang berlebihan juga menyebabkan badan kurang gerak dan mengurangi daya tahan tubuh.</p>\r\n\r\n<p>Kunci memiliki jam istirahat yang cukup adalah pada kuantitas dan kualitas. Orang dewasa membutuhkan waktu istirahat selama 7-8 jam per hari, remaja dan anak-anak 9-10 jam.</p>\r\n\r\n<p><strong>3. Stop merokok dan alkohol</strong></p>\r\n\r\n<p>Hentikan kebiasaanmu merokok sekarang juga untuk mengurangi potensi infeksi<a href="https://www.allianz.co.id/explore/detail/apa-yang-bisa-saya-lakukan-untuk-melindungi-diri-dari-virus-corona/96937">&nbsp;virus corona</a>. Karena merokok bisa menyebabkan infeksi paru-paru seperti bronkhitis dan pneumonia. Nah, virus corona juga menyerang saluran pernafasan.</p>\r\n\r\n<p>Sedangkan konsumsi alkohol menurunkan daya tahan tubuh. Orang yang dalam pengaruh alkohol memiliki konsentrasi dan imunitas yang rendah.</p>\r\n\r\n<p><strong>4. Menjalankan pola hidup sehat</strong></p>\r\n\r\n<p>Memiliki pola hidup dengan olah raga secara teratur sangat penting bagi kesehatan tubuh. Olah raga mempercepat kerja jantung dan memperlancar aliran darah sehingga bisa membakar lemak dalam tubuh sehingga daya tahan meningkat.</p>\r\n\r\n<p>Manusia hanya membutuhkan olah raga minimal 150 menit setiap minggu. Lakukan olah raga secara teratur setiap hari atau dua hari sekali, jangan seminggu sekali.</p>\r\n\r\n<p><strong>5. Konsumsi bahan makanan peningkat kekebalan tubuh</strong></p>\r\n\r\n<p>Konsumsi vitamin dan suplemen bisa menjaga kesehatan dan meningkatkan daya tahan tubuh terhadap penyakit. Namun kamu lebih baik mendapatkan vitamin dari sumbernya langsung daripada konsumsi vitamin olahan berbentuk tablet, pil atau minuman.</p>\r\n\r\n<p>Seperti vitamin C yang berguna untuk daya tahan tubuh, bisa didapatkan dari buah jeruk dan strawberi, serta sayur bayam, paprika merah, dan brokoli. Vitamin A juga bisa meningkatkan kekebalan tubuh serta mengandung antioksidan untuk menangkal radikal bebas bisa didapatkan dari wortel, labu kuning, dan ubi.</p>\r\n\r\n<p>Kamu juga perlu minum-minuman yang mengandung ekstrak empon-empon seperti jahe merah, kunyit, dan temulawak. Jahe merah mampu menjaga tubuh tetap hangat dan menghambat bakteri penurun imunitas.</p>\r\n\r\n<p>Kunyit bisa mencegah kehilangan nafsu makan, diare, perut kembung. Sedangkan temulawak mengandung zat kurkumin sebagai antiinflamasi yang menghambat peradangan, seperti di tenggorakan. Perlu diketahui, sebelum virus corona menyerang saluran nafas, virus akan bertahan di tenggorakan hingga hari keempat-kelima.</p>\r\n\r\n<p><strong>6. Jaga suhu tubuh tetap hangat</strong></p>\r\n\r\n<p>Jangan berlama-lama berada di suhu yang dingin. Karena saat tubuh kedinginan, daya tahan tubuh menurun, sehingga virus mudah menyerang.</p>\r\n\r\n<p>Dalam kondisi saat ini, jangan biarkan dirimu kehujanan atau mandi di malam hari tanpa menggunakan air hangat. Lalu gunakan pakaian tebal atau jaket saat berada di ruang yang dingin.</p>\r\n\r\n<p><strong>7. Jangan dehidrasi</strong></p>\r\n\r\n<p>Lebih dari 60% tubuh terdiri dari air. Menurut WHO, kebutuhan air minum orang dewasa rata-rata sekitar&nbsp;8 gelas atau 2 liter. Anda harus memperbanyak minum air jika melakukan aktivitas berlebih seperti olah raga atau ketika cuaca panas. Kekurangan minum menyebabkan dehidrasi. Saat dehidrasi, tubuh lebih cepat lelah, daya tahan melemah, dan paparan virus bisa mudah menginfeksi.</p>\r\n\r\n<p>Ingat, virus corona belum ada obatnya. Selain meningkatkan daya tahan tubuh, sering-seringlah cuci tangan dengan sabun dan lakukan&nbsp;<em>physical&nbsp;distancing</em>. Semoga kita selalu sehat dan terhindar dari infeksi virus corona.</p>\r\n', '1601112814_artikel-5.jpg', 'Danu Agastyan', '2020-09-01'),
(10, 'Ini Daftar Rencana Liburan Tahun 2020, Mau Liburan ke Mana?', '<p><em>Tahun 2020 ini sudah punya rencana liburan ke mana saja? Sebelum bikin rencana panjang, coba deh cek daftar destinasi dalam dan luar negeri yang tentunya sedang jadi prioritas yang telah jadi incaran banyak orang</em><strong><em>.</em></strong></p>\r\n\r\n<p>Mau bepergian ke mana saja tahun ini? Tahun baru, tentu semangat untuk&nbsp;<em>traveling&nbsp;</em>juga berapi-api. Ya bukan rahasia umum lagi, kalau perihal&nbsp;<em>traveling,&nbsp;</em>tanpa perlu ditanya pasti kamu sudah punya segudang rencana untuk pergi ke berbagai destinasi.</p>\r\n\r\n<p><em>Well,&nbsp;</em>biar bikin agenda melancong kamu makin nyaman dan lancar selama di perjalanan, tentu banyak persiapan yang harus dilakukan jauh hari sebelum bepergian. Mulai dari mencari destinasi, pilih tanggal yang tepat, keuangan, akomodasi, hingga kesehatanmu. Semuanya memang harus jadi pertimbangan utama.&nbsp;</p>\r\n\r\n<p>Tenang, kami akan bantu kamu dengan kasih berbagai bocoran yang sudah kami kumpulkan. Mulai dari tanggal-tanggal dari daftar &ldquo;long weekend&rdquo; dan &ldquo;harpitnas&rdquo; di tahun ini hingga destinasi-destinasi prioritas yang sudah jadi incaran banyak orang.&nbsp;</p>\r\n\r\n<p>Sudah tidak sabar untuk bikin rencana liburan kamu setahun ini?&nbsp;<em>Yuk,&nbsp;</em>ikuti kami!</p>\r\n\r\n<p><strong>Daftar &ldquo;Long Weekend&rdquo; dan &ldquo;Harpitnas&rdquo; 2020</strong></p>\r\n\r\n<p>Daripada bingung mau pergi kapan dan enaknya pilih destinasi mana, mending langsung cek dahulu daftar &ldquo;long weekend&rdquo; dan &ldquo;harpitnas&rdquo; 2020. Hari Libur Nasional dan Cuti Bersama dalam kalender 2020 ini telah ditetapkan oleh Pemerintah melalui Surat Keputusan Bersama (SKB).</p>\r\n\r\n<p>Berikut sejumlah libur panjang dan &quot;harpitnas&quot; di 2020 yang bisa kamu manfaatkan untuk berlibur lebih lama.</p>\r\n\r\n<p>Incaran tanggal-tanggal cantik untuk berlibur sudah di tangan.&nbsp;<em>Nah,&nbsp;</em>sekarang waktunya kamu tambahin daftar destinasi liburan dari kami. Tahun ini ada banyak destinasi dalam dan luar negeri yang tentunya sedang jadi banyak incaran semua orang.</p>\r\n\r\n<p>Kalau kamu masih penasaran dengan keindahan kota-kota di dalam negeri sendiri, baru-baru ini Kementerian Pariwisata (Kemenpar) merilis lima destinasi super prioritas di Indonesia.</p>\r\n\r\n<p>Tapi kalau targetmu tahun ini ingin bepergian lebih jauh dan berpetualang di negeri seberang, Lonely Planet yang merupakan buku panduan perjalanan dan penerbit media digital terbesar di dunia, juga sudah punya daftar destinasi favorit di 2020 yang tentunya akan membawa kamu ke perjalanan super seru!</p>\r\n\r\n<p><strong><em>Yuk</em>, Kunjungi 5 Destinasi Super Prioritas Indonesia!</strong></p>\r\n\r\n<p>Kementerian Pariwisata (Kemenpar) bersama berbagai instansi terkait terus melakukan pengembangan terhadap lima Destinasi Super Prioritas Indonesia yang telah ditetapkan Presiden Joko Widodo.</p>\r\n\r\n<p>Ada pun kelima destinasi itu adalah:</p>\r\n\r\n<ol>\r\n	<li>Danau Toba (Sumatera Utara)</li>\r\n	<li>Borobudur (Magelang, Jawa Tengah)</li>\r\n	<li>Mandalika (Lombok Tengah, Nusa Tenggara Barat)</li>\r\n	<li>Labuan Bajo (Nusa Tenggara Timur)</li>\r\n	<li>Likupang (Minahasa Utara, Sulawesi Utara)</li>\r\n</ol>\r\n\r\n<p>Tentu kamu bertanya-tanya, apa&nbsp;<em>sih&nbsp;</em>yang membuat kelima destinasi di Indonesia ini menjadi Destinasi Super Prioritas (DSP) dari pemerintah langsung? Lalu, keseruan apa yang bisa kamu lakukan selama berlibur di destinasi ini?</p>\r\n\r\n<p><strong>Infrastruktur yang Lebih Baik</strong></p>\r\n\r\n<p><em>Well,&nbsp;</em>hal pertama untuk menarik wisatawan mengunjungi DSP ini adalah aspek infrastrukturnya, baik bandara maupun jalan menuju ke tempat-tempat wisata. Pemerintah telah mendorong pengembangan infrastruktur di daerah-daerah tersebut sebagai faktor pendukung agar wisatawan dapat dengan mudah mencapai kelima destinasi tersebut.&nbsp;</p>\r\n\r\n<p>Salah satu contohnya adalah demi mendorong perkembangan wisata di Borobudur, pemerintah membangun Yogyakarta International Airport (YIA) di Kulon Progo.</p>\r\n\r\n<p><strong>Pembangunan Hotel</strong></p>\r\n\r\n<p>Di destinasi Labuan Bajo, saat ini memang telah tersedia pilihan akomodasi seperti LOB (<em>living on board</em>). Jadi selama liburan, kamu bisa tinggal di dalam kapal dan menikmati keindahan dan birunya laut NTT. Tapi tak hanya itu, hingga saat ini dukungan dari pemerintah juga telah mencapai tahap finalisasi pembangunan hotel, marina, area komersial, dan pelabuhan feri&nbsp;<em>lho</em>.</p>\r\n\r\n<p><strong>Glamping Area</strong></p>\r\n\r\n<p>Sudah tahu Amanwana di Pulau Moyo?&nbsp;<em>Yup,&nbsp;</em>konsep ini juga dibawa ke destinasi wisata Danau Toba. Danau ini akan memiliki wisata berkemah mewah atau&nbsp;<em>glamorous camping</em>&nbsp;(<em>glamping</em>).</p>\r\n\r\n<p>Jadi, di lahan Zona Otorita Kabupaten Toba Samosir, berdiri namanya The Kaldera-Toba Nomadic Escape. Destinasi keren ini merupakan amenitas wisata kembara (<em>nomadic tourism</em>) yang dikembangkan oleh Badan Pelaksana Otorita Danau Toba (BPODT).&nbsp;</p>\r\n\r\n<p><strong>Sirkuit MotoGP di Mandalika</strong></p>\r\n\r\n<p>Hayo.. sudah tahun belum kalau ajang balap dunia MotoGP tahun 2021 nanti akan digelar di Mandalika? Sirkuit Mandalika ini diklaim sebagai sirkuit jalan raya pertama di dunia untuk perhelatan MotoGP. Kamu harus lihat sendiri sirkuit dengan panjang lintasan sekitar 4,31 kilometer ini begitu indah dengan pemandangan bukit dan pantai.</p>\r\n', '1601277626_artikel-6.jpg', 'Anonymous', '2020-09-27');

-- --------------------------------------------------------

--
-- Table structure for table `tb_kategori`
--

CREATE TABLE IF NOT EXISTS `tb_kategori` (
  `kategori_id` int(10) NOT NULL AUTO_INCREMENT,
  `kategori_nama` varchar(255) NOT NULL,
  PRIMARY KEY (`kategori_id`)
) ENGINE=InnoDB  DEFAULT CHARSET=latin1 AUTO_INCREMENT=6 ;

--
-- Dumping data for table `tb_kategori`
--

INSERT INTO `tb_kategori` (`kategori_id`, `kategori_nama`) VALUES
(1, 'Asuransi Jiwa'),
(2, 'Asuransi Kesehatan'),
(3, 'Asuransi Umum'),
(4, 'Asuransi Kumpulan'),
(5, ' Asuransi Syariah');

-- --------------------------------------------------------

--
-- Table structure for table `tb_produk`
--

CREATE TABLE IF NOT EXISTS `tb_produk` (
  `kategori_id` int(10) NOT NULL,
  `produk_id` int(10) NOT NULL AUTO_INCREMENT,
  `produk_nama` varchar(255) NOT NULL,
  `produk_tagline` varchar(500) NOT NULL,
  `produk_isi` text NOT NULL,
  `produk_keunggulan` text NOT NULL,
  `produk_foto` text NOT NULL,
  PRIMARY KEY (`produk_id`)
) ENGINE=InnoDB  DEFAULT CHARSET=latin1 AUTO_INCREMENT=15 ;

--
-- Dumping data for table `tb_produk`
--

INSERT INTO `tb_produk` (`kategori_id`, `produk_id`, `produk_nama`, `produk_tagline`, `produk_isi`, `produk_keunggulan`, `produk_foto`) VALUES
(1, 1, 'SmartLink New Flexi Account Plus', 'Program Asuransi Jiwa untuk Meraih Masa Depan Anda dan Keluarga', '<p>Program Asuransi Jiwa Unit Link dari Allianz bagi Anda.</p>\r\n\r\n<p>Inilah solusi pengembangan aset finansial agar Anda terhindar dari risiko yang mungkin terjadi di masa depan.</p>\r\n\r\n<p>Sekarang saat yang tepat bagi kita untuk memilih asuransi jiwa terbaik agar mimpi Anda jadi nyata.</p>\r\n', '<p>Program asuransi jiwa unit link yang memberikan perlindungan nilai investasi menyeluruh bagi keluarga baik saat Anda masih ada ataupun sudah tiada.</p>\r\n', '1600766041_smartlink new flexi.png'),
(2, 2, 'Smartmed Premier', 'SmartMed Premier merupakan asuransi kesehatan yang memberikan perlindungan menyeluruh bagi Anda dan keluarga', '<p>SmartMed Premier adalah asuransi kesehatan yang dapat digunakan secara perorangan dan keluarga.</p>\r\n', '<ul>\r\n	<li>Fasilitas medis kelas VIP dengan kemudahan Cashless di rumah sakit jaringan Allianz di Indonesia, Singapura, Malaysia, Thailand, dan lain-lain.</li>\r\n	<li>Total Manfaat dalam setahun yang diterima pemegang polis hingga Rp 6 miliar per orang.</li>\r\n	<li>Penggantian biaya perawatan sesuai tagihan (as charge) jika perawatan sesuai Plan.</li>\r\n	<li>Bila memilih kamar lebih dari Plan atau memilih rumah sakit di Amerika Serikat, maka biaya perawatan akan dibayaroleh pemegang polis sesuai Limit Dasar.</li>\r\n	<li>Menyediakan Manfaat Rawat Inap dan Manfaat Tambahan seperti Persalinan, Rawat Jalan, serta Rawat Gigi.</li>\r\n	<li>Menyediakan Manfaat Spesial yaitu Kemoterapi, Hemodialisis, Evakuasi Medis dan Pemulangan Darurat, HIV/AIDS, serta Biaya Pemakaman.</li>\r\n	<li>No Claim Bonus atau diskon bonus sebesar 20% yang diberikan saat perpanjangan polis bila tidak ada catatan klaim selama satu tahun polis.</li>\r\n	<li>Diskon bonus dihitung dari premi polis tahun lalu dan berlaku untuk premi per Tertanggung.</li>\r\n	<li>Fasilitas Allianz eAZy Claim dan Reimbursement untuk penggantian biaya perawatan medis yang dilakukan di rumah sakit di luar Jaringan Allianz-Admedika.</li>\r\n	<li>Pilihan layanan co-share 20%, 10%, dan 0% sesuai perjanjian antara Tertanggung dengan Allianz.</li>\r\n	<li>Akses Allianz Medical Hotline 24 jam untuk kebutuhan informasi dan layanan medis, serta Jasa Layanan Bantuan Medis lnternasional.</li>\r\n</ul>\r\n', '1600766113_smartmed premier.png'),
(1, 3, 'SmartLink Maxi Fund Plus', 'Program asuransi jiwa yang dirancang khusus bagi Anda yang memimpikan perlindungan seumur hidup plus investasi optimal bagi Anda dan keluarga.', '<p>Program asuransi ini menawarkan perlindungan jiwa seumur hidup hingga usia 100 tahun</p>\r\n\r\n<p>Program asuransi jiwa ini juga menawarkan manfaat Investasi lewat produk unit link. Anda dapat memilih alokasi dari nilai investasi Anda.</p>\r\n\r\n<p>&nbsp;</p>\r\n', '<p>Tingkat keamanan dan stabilitas tinggi dengan risiko rendah Tingkat keamanan, stabilitas tinggi dengan risiko rendah hingga sedang Tingkat keamanan dan stabilitas tinggi dengan risiko sedang Tingkat keamanan dan stabilitas tinggi dengan risiko tinggi Diinvestasikan seperti deposito, SBI, juga obligasi dan saham Tingkat keamanan dan stabilitas tinggi serta risiko rendah hingga sedang</p>\r\n', '1600766309_SmartLink Maxi fund plus.png'),
(1, 4, 'SmartLink Flexi Account Plus', 'Melindungi langkah hidup untuk meraih masa depan Anda & keluarga', '<p>Selama langkah Anda untuk mewujudkan prioritas mimpi dalam hidup, Anda harus menemukan solusi pengembangan aset finansial yang maksimal.</p>\r\n\r\n<p>Namun apakah kita memiliki jaminan akan terhindar dari risiko kehidupan yang mungkin terjadi di masa depan? Sudah saatnya kita mulai mempersiapkan perlindungan terbaik untuk prioritas mimpi dalam hidup kita.</p>\r\n', '<p>Program asuransi jiwa unit link yang memberikan perlindungan maksimal disertai potensi nilai investasi yang membantu mewujudkan prioritas mimpi di saat berada di samping keluarga tercinta maupun ketika sudah meninggalkan mereka.</p>\r\n', '1600766452_'),
(2, 5, 'SmartHealth Maxi Violet', 'Melindungi langkah hidup untuk meraih masa depan Anda & keluarga', '<p>SmartHealth Maxi Violet merupakan asuransi kesehatan yang dapat digunakan secara perorangan dan keluarga.</p>\r\n', '<ul>\r\n	<li>SmartHealth Maxi Violet menyediakan berbagai fasilitas medis dengan kemudahan Cashless (pembayaran non-tunai) di rumah sakit jaringan perusahaan Allianz-Admedika di Indonesia.</li>\r\n	<li>SmartHealth Maxi Violet juga menyediakan Plan yang bervariasi dan dapat disesuaikan dengan kebutuhan pemegang polis beserta keluarga.</li>\r\n	<li>Pemegang polis mendapatkan Manfaat Rawat Inap disertai Manfaat Pilihan berupa Rawat Jalan, Persalinan, Rawat Gigi dan Manfaat Tambahan Pilihan berupa Santunan Harian untuk tambahan biaya rawat inap Pilihan sistem pembayaran klaim Reimbursement dan eAZy Claim bila perawatan dilakukan di luar Jaringan perusahaan asuransi Allianz.</li>\r\n	<li>No Claim Bonus jika tidak ada catatan klaim selama 1 tahun polis dan pemegang polis melakukan perpanjangan polis, maka polis perpanjangan akan mendapatkan diskon bonus yang dihitung dari premi polis tahun lalu.</li>\r\n	<li>Diskon ini berlaku untuk premi per Tertanggung. Diskon premi 5% apabila pemegang polis juga mengikutsertakan anggota keluarga Dalam SmartHealth Maxi Violet, tidak ada batasan tahunan dan tidak ada masa tunggu, kecuali untuk program Persalinan.</li>\r\n</ul>\r\n', '1600766703_tapro.jpg'),
(2, 6, 'Asuransi Kesehatan Allisya Care', 'Asuransi kesehatan perorangan atau keluarga dengan berbagai pilihan Plan yang mengerti kebutuhan setiap pemegang polis', '<p>AlliSya Care merupakan produk asuransi kesehatan dari Allianz yang dikelola secara syariah di mana peserta saling tolong-menolong dengan peserta lainnya melalui kontribusi yang dibayarkan untuk menghadapi suatu peristiwa yang tidak diharapkan.</p>\r\n\r\n<p>AlliSya Care dapat digunakan sebagai asuransi kesehatan perorangan atau keluarga dengan berbagai pilihan Plan yang mengerti kebutuhan setiap pemegang polis.</p>\r\n\r\n<p>Sebagai asuransi kesehatan, AlliSya Care menyediakan Manfaat Rawat Inap dan memberikan penggantian biaya perawatan bila pemegang polis atau keluarga sakit serta menyediakan berbagai Manfaat Pilihan seperti Persalinan, Rawat Jalan, Rawat Gigi, dan Santunan Harian.</p>\r\n', '<ul>\r\n	<li>Asuransi Allisya Care dikelola secara syariah di mana para peserta saling tolong-menolong dengan peserta lainnya melalui premi yang dibayarkan untuk menghadapi suatu peristiwa yang tidak diharapkan.</li>\r\n	<li>Fasilitas medis dengan kemudahan Cashless (pembayaran non-tunai) di rumah sakit jaringan perusahaan Allianz-Admedika di Indonesia.</li>\r\n	<li>Menyediakan manfaat Rawat Inap disertai Manfaat Pilihan yaitu Rawat Jalan, Rawat Gigi, Persalinan, dan Santunan Harian bagi pemegang polis asuransi Allisya Care.</li>\r\n	<li>Fasilitas eAZy Claim dan Reimbursement untuk rumah sakit di luar jaringan perusahaan Allianz-Admedika.</li>\r\n	<li>Pembagian Surplus Underwriting (diambil dari dana tabarru yang terkumpul dan dibagikan kepada Peserta) yang tersedia bagi pemegang polis bila tidak terjadi klaim dan melakukan perpanjangan polis.</li>\r\n	<li>Potongan kontribusi 5% apabila pemegang polis mengikutsertakan anggota keluarga.</li>\r\n	<li>Tersedia manfaat tambahan seperti evakuasi medis darurat, biaya pemulihan kesehatan, serta bantuan informasi medis 24 jam di seluruh dunia bagi pemegang polis asuransi Allisya Care.</li>\r\n</ul>\r\n', '1600766948_Allisya Care.png'),
(3, 7, 'Asuransi Kendaraan', 'Asuransikan Kendaraan Terbaik Bagi Kendaraan Anda', '<p>Asuransi kendaraan yang komprehensif, tidak ribet dengan berbagai pilihan perlindungan</p>\r\n', '<p>&nbsp;</p>\r\n\r\n<ul>\r\n	<li>Pencurian kendaraan oleh supir pribadi</li>\r\n	<li>Bantuan darurat 24 jam (Allianz Roda)</li>\r\n	<li>Perlindungan banjir hingga water hammer</li>\r\n	<li>Akomodasi taksi</li>\r\n	<li>Jaringan bengkel &amp; AllianzCare 24/7 hari</li>\r\n	<li>Tanggung Jawab Hukum Pihak Ketiga</li>\r\n</ul>\r\n', '1600767326_mobilku.png'),
(4, 8, 'Allianz RumahKu Plus', 'Asuransi Yang Memberikan Perlindungan Maksimal Bagi Hunian Keluarga', 'Asuransi yang memberi jaminan perlindungan untuk hunian yang komprehensif, lebih dari yang dibayangkan', 'Jaminan perlindungan untuk hunian yang komprehensif, lebih dari yang dibayangkan\r\nAkomodasi Sementara\r\nTanggung Gugat Hukum\r\nKerusakan Harta Benda\r\nGanti Rugi atas Kematian Tertanggung\r\nKebakaran\r\nTeroris dan Sabotase', '1600767544_rumahku.png'),
(4, 9, 'Dana Pensiun Lembaga Keuangan (DPLK)', '', '<p>DPLK Allianz Indonesia adalah Program Dana Pensiun Lembaga Keuangan bagi perusahaan dan karyawannya.</p>\r\n\r\n<p>Selain program pensiun, DPLK Allianz Indonesia juga dapat digunakan sebagai program pesangon.</p>\r\n', '<ul>\r\n	<li>Berdiri sejak tahun 1996, program dana pensiun Allianz Indonesia memiliki pengalaman dan kredibilitas dalam mengelola Program Pensiun dari berbagai jenis industri di Indonesia yang sesuai dengan kebutuhan perusahaan dan karyawan.</li>\r\n	<li>Program dana pensiun Allianz Indonesia dikelola tim investasi yang berpengalaman dan Allianz Investment Management (AIM) dengan prinsip filosofi investasi yang hati-hati.</li>\r\n	<li>Pelayanan dan administrasi didukung Key Account Management dari Allianz, serta sistem Teknologi Informasi yang memudahkan akses peserta dalam mengecek dana pensiun.</li>\r\n	<li>Program dana pensiun ini juga menawarkan pilihan investasi yang beragam di mana perusahaan dapat memilih salah satu atau mengombinasikan pilihan investasi yang tersedia.</li>\r\n	<li>Pilihan iuran yang fleksibel para peserta program dana pensiun dan bisa disesuaikan dengan kebutuhan atau kemampuan finansial perusahaan.</li>\r\n	<li>Pilihan pembayaran dana pensiun juga mempunyai manfaat yang beragam seperti Manfaat Pensiun Normal, Manfaat Pensiun Dipercepat, Manfaat Pensiun Meninggal, dan Manfaat Pensiun Cacat.</li>\r\n	<li>Iuran perusahaan akan dianggap sebagai biaya sehingga dapat mengurangi pajak penghasilan badan. Selain itu, penempatan dana peserta di instrumen deposito tidak dikenakan pajak.</li>\r\n</ul>\r\n', '1601027484_'),
(2, 10, 'SmartHealth Classic Premier', '', '<p>Hadir dengan perlindungan yang maksimal bagi kebutuhan perusahaan dalam memberikan kenyamanan dari sisi perawatan kesehatan bagi karyawan beserta keluarganya.</p>\r\n\r\n<p>Produk ini menyediakan perlindungan untuk biaya Rawat Inap di Rumah Sakit serta biaya untuk Melahirkan di Rumah Sakit (manfaat tambahan).</p>\r\n', '<ul>\r\n	<li>Penggantian yang maksimal dengan sistem As charged (kecuali untuk manfaat kelas kamar berdasarkan Plan yang pilih perusahaan)</li>\r\n	<li>Penghapusan masa tunggu untuk penyakit yang sudah ada sebelumnya (Pre Existing Condition) untuk minimum peserta 100 orang (terdiri dari karyawan &amp; keluarganya)</li>\r\n	<li>Perlindungan perawatan kesehatan hingga maksimum 70 tahun</li>\r\n	<li>Premi dihitung berdasarkan usia rata-rata peserta dewasa</li>\r\n	<li>Memberikan kemudahan bagi karyawan dengan istem klaim Cashless di Rumah Sakit rekanan Allianz.</li>\r\n	<li>Tersedia fasilitas Profit Sharing bagi perusahaan dengan ketentuan yang berlaku</li>\r\n</ul>\r\n', '1601027609_'),
(2, 11, 'SmartHealth Blue Sapphire', '', '<p>SmartHealth Blue Sapphire merupakan program Asuransi kesehatan kumpulan yang sangat komprehensif, sehingga dapat membantu perusahaan dalam memberikan perlindungan kesehatan bagi karyawan beserta keluarganya.</p>\r\n\r\n<p>SmartHealth Blue Sapphire memberikan perlindungan untuk Rawat Inap dan beberapa perlindungan tambahan lainnya sebagai pilihan.</p>\r\n', '<ul>\r\n	<li>Persyaratan yang mudah untuk memiliki SmartHealth Blue Sapphire, hanya dengan minimum peserta 10 orang (terdiri dari karyawan &amp; keluarganya) serta minimum Premi Rp.2,500,000.</li>\r\n	<li>Tersedia fasilitas sistem Klaim dengan Cashless atau Reimburse sebagai pilihan</li>\r\n	<li>Perlindungan yang lengkap mulai dari Rawat Inap, Rawat Jalan, Melahirkan, Perawatan gigi hingga untuk Kaca Mata</li>\r\n	<li>Perlindungan hingga peserta berusia 70 tahun</li>\r\n	<li>Terdapat pilihan untuk co share mulai dari 20% hingga 0%</li>\r\n	<li>Penghapusan masa tunggu untuk penyakit yang sudah ada sebelumnya( Pre Existing Condition) untuk minimum peserta 100 orang (terdiri dari karyawan &amp; keluarganya)</li>\r\n	<li>Tersedia fasilitas Profit Sharing bagi perusahaan dengan ketentuan yang berlaku</li>\r\n</ul>\r\n', '1601027659_'),
(2, 12, 'SmartHealth Light Titanium', '', '<p>SmartHealth Light Titanium merupakan program Asuransi kesehatan kumpulan yang sangat komprehensif dengan pembayaran melalui mata uang USD.</p>\r\n\r\n<p>SmartHealth Light Titanium dirancang untuk membantu perusahaan dalam memberikan perlindungan kesehatan bagi karyawan beserta keluarganya.</p>\r\n\r\n<p>SmartHealth Light Titanium memberikan perlindungan untuk Rawat Inap dan beberapa perlindungan tambahan lainnya sebagai pilihan.</p>\r\n', '<ul>\r\n	<li>Persyaratan yang mudah untuk memiliki SmartHealth Blue Sapphire, hanya dengan minimum peserta 10 orang (terdiri dari karyawan &amp; keluarganya) serta minimum Premi Rp.2,500,000.</li>\r\n	<li>Tersedia fasilitas sistem Klaim dengan Cashless atau Reimburse sebagai pilihan</li>\r\n	<li>Perlindungan yang lengkap mulai dari Rawat Inap, Rawat Jalan, Melahirkan, Perawatan gigi hingga untuk Kaca Mata</li>\r\n	<li>Perlindungan hingga peserta berusia 70 tahun</li>\r\n	<li>Terdapat pilihan untuk co share mulai dari 20% hingga 0%</li>\r\n	<li>Penghapusan masa tunggu untuk penyakit yang sudah ada sebelumnya( Pre Existing Condition) untuk minimum peserta 100 orang (terdiri dari karyawan &amp; keluarganya)</li>\r\n	<li>Tersedia fasilitas Profit Sharing bagi perusahaan dengan ketentuan yang berlaku.</li>\r\n</ul>\r\n', '1601027725_'),
(5, 13, 'Allianz Tasbih', 'Membantu Anda dalam mewujudkan impian untuk menunaikan ibadah haji', '<p>Untuk mewujudkan niat ibadah haji sebagai salah satu dari lima pondasi (rukun) memerlukan kesiapan batin serta tersedianya dana haji untuk Biaya Penyelenggaraan Ibadah Haji (BPIH).</p>\r\n\r\n<ul>\r\n</ul>\r\n\r\n<p>Dengan perencanaan tahapan dana haji yang tepat dari Allianz Syariah, niat haji Anda dapat direalisasikan dan diwujudkan dengan tambahan manfaat perlindungan bagi Anda dan keluarga tercinta.</p>\r\n', '<ul>\r\n	<li>Santunan asuransi jiwa apabila peserta asuransi mengalami kecelakaan atau meninggal</li>\r\n	<li>Evakuasi medis peserta asuransi dan repatriasi darurat&nbsp; &nbsp;</li>\r\n	<li>Manfaat santunan asuransi jiwa 200% apabila meninggal dunia saat perjalanan haji atau meninggal dunia di Mekkah dan Medinah saat ibadah umroh</li>\r\n</ul>\r\n', '1601027865_'),
(5, 14, 'Fitur Wakaf', 'Produk asuransi Jiwa Unit Link AlliSya Protection Plus agar Anda semakin terlindungi dan terberkahi', '<h1>Salah satu amalan dalam Islam melalui penyaluran harta benda untuk kepentingan masyarakat serta mendapatkan keberkahan pahala yang tidak terputus sampai akhirat kelak.</h1>\r\n', '<ul>\r\n	<li>Bernilai guna saat orang yang mewakafkan (wakif) meninggal dunia.</li>\r\n	<li>Bermanfaat untuk jangka panjang.</li>\r\n	<li>Bersifat sukarela dan produktif untuk kepentingan masyarakat.</li>\r\n	<li>Nilai ekonomi yang tidak berkurang dan dikembangkan secara prinsip syariah.</li>\r\n</ul>\r\n', '1601027983_');

-- --------------------------------------------------------

--
-- Table structure for table `tb_user`
--

CREATE TABLE IF NOT EXISTS `tb_user` (
  `user_id` int(10) NOT NULL AUTO_INCREMENT,
  `user_nama` varchar(255) NOT NULL,
  `user_username` varchar(255) NOT NULL,
  `user_email` varchar(255) NOT NULL,
  `user_notelp` varchar(255) NOT NULL,
  `user_alamat` varchar(255) NOT NULL,
  `user_password` varchar(255) NOT NULL,
  `user_foto` text NOT NULL,
  `tgl_register` date NOT NULL DEFAULT '0000-00-00',
  PRIMARY KEY (`user_id`)
) ENGINE=InnoDB  DEFAULT CHARSET=latin1 AUTO_INCREMENT=3 ;

--
-- Dumping data for table `tb_user`
--

INSERT INTO `tb_user` (`user_id`, `user_nama`, `user_username`, `user_email`, `user_notelp`, `user_alamat`, `user_password`, `user_foto`, `tgl_register`) VALUES
(1, 'Danu Agastyan', 'danu', 'danu@gmail.com', '082222228822', 'padang', 'a29e5a0efaa2b1521ebea7cf10cd0eab', 'danu.jpg', '2020-09-22'),
(2, 'Taryono', 'taryono', 'taryono@gmail.com', '082255636367', 'Lubuk Begalung, Padang', 'e752d88bea2a9f7477f18551673dc906', '1600750262_Koala.jpg', '2020-09-22');
